<?xml version="1.0" ?>
<LOG_ROOT>
	<PROJECT NAME="Lab3">
		<CBX_INST_ENTRY INSTANCE_NAME="|g27_test_bed|g27_stack52:inst13|BUSMUX:inst3|LPM_MUX:$00000" CBX_FILE_NAME="mux_qmc.tdf"/>
		<CBX_INST_ENTRY INSTANCE_NAME="|g27_test_bed|g27_stack52:inst13|LPM_FF:inst100|lpm_constant:sc" CBX_FILE_NAME="lpm_constant_ea4.tdf"/>
		<CBX_INST_ENTRY INSTANCE_NAME="|g27_test_bed|g27_stack52:inst13|BUSMUX:inst112|LPM_MUX:$00000" CBX_FILE_NAME="mux_qmc.tdf"/>
		<CBX_INST_ENTRY INSTANCE_NAME="|g27_test_bed|g27_stack52:inst13|BUSMUX:inst31|LPM_MUX:$00000" CBX_FILE_NAME="mux_qmc.tdf"/>
		<CBX_INST_ENTRY INSTANCE_NAME="|g27_test_bed|g27_stack52:inst13|LPM_FF:inst20|lpm_constant:sc" CBX_FILE_NAME="lpm_constant_l84.tdf"/>
		<CBX_INST_ENTRY INSTANCE_NAME="|g27_test_bed|g27_stack52:inst13|LPM_FF:inst99|lpm_constant:sc" CBX_FILE_NAME="lpm_constant_994.tdf"/>
		<CBX_INST_ENTRY INSTANCE_NAME="|g27_test_bed|g27_stack52:inst13|BUSMUX:inst104|LPM_MUX:$00000" CBX_FILE_NAME="mux_qmc.tdf"/>
		<CBX_INST_ENTRY INSTANCE_NAME="|g27_test_bed|g27_stack52:inst13|BUSMUX:inst41|LPM_MUX:$00000" CBX_FILE_NAME="mux_qmc.tdf"/>
		<CBX_INST_ENTRY INSTANCE_NAME="|g27_test_bed|g27_stack52:inst13|LPM_FF:inst102|lpm_constant:sc" CBX_FILE_NAME="lpm_constant_da4.tdf"/>
		<CBX_INST_ENTRY INSTANCE_NAME="|g27_test_bed|g27_stack52:inst13|BUSMUX:inst33|LPM_MUX:$00000" CBX_FILE_NAME="mux_qmc.tdf"/>
		<CBX_INST_ENTRY INSTANCE_NAME="|g27_test_bed|g27_stack52:inst13|BUSMUX:inst51|LPM_MUX:$00000" CBX_FILE_NAME="mux_qmc.tdf"/>
		<CBX_INST_ENTRY INSTANCE_NAME="|g27_test_bed|g27_stack52:inst13|LPM_FF:inst40|lpm_constant:sc" CBX_FILE_NAME="lpm_constant_4a4.tdf"/>
		<CBX_INST_ENTRY INSTANCE_NAME="|g27_test_bed|g27_stack52:inst13|LPM_MUX:inst22" CBX_FILE_NAME="mux_koc.tdf"/>
		<CBX_INST_ENTRY INSTANCE_NAME="|g27_test_bed|g27_single_pulse_generator:inst5|lpm_counter1:inst2|lpm_counter:LPM_COUNTER_component" CBX_FILE_NAME="cntr_e4i.tdf"/>
		<CBX_INST_ENTRY INSTANCE_NAME="|g27_test_bed|g27_stack52:inst13|BUSMUX:inst25|LPM_MUX:$00000" CBX_FILE_NAME="mux_qmc.tdf"/>
		<CBX_INST_ENTRY INSTANCE_NAME="|g27_test_bed|g27_stack52:inst13|BUSMUX:inst43|LPM_MUX:$00000" CBX_FILE_NAME="mux_qmc.tdf"/>
		<CBX_INST_ENTRY INSTANCE_NAME="|g27_test_bed|g27_stack52:inst13|BUSMUX:inst61|LPM_MUX:$00000" CBX_FILE_NAME="mux_qmc.tdf"/>
		<CBX_INST_ENTRY INSTANCE_NAME="|g27_test_bed|g27_stack52:inst13|LPM_FF:inst23|lpm_constant:sc" CBX_FILE_NAME="lpm_constant_n84.tdf"/>
		<CBX_INST_ENTRY INSTANCE_NAME="|g27_test_bed|g27_stack52:inst13|LPM_FF:inst5|lpm_constant:sc" CBX_FILE_NAME="lpm_constant_k84.tdf"/>
		<CBX_INST_ENTRY INSTANCE_NAME="|g27_test_bed|g27_stack52:inst13|BUSMUX:inst116|LPM_MUX:$00000" CBX_FILE_NAME="mux_qmc.tdf"/>
		<CBX_INST_ENTRY INSTANCE_NAME="|g27_test_bed|g27_stack52:inst13|BUSMUX:inst35|LPM_MUX:$00000" CBX_FILE_NAME="mux_qmc.tdf"/>
		<CBX_INST_ENTRY INSTANCE_NAME="|g27_test_bed|g27_stack52:inst13|BUSMUX:inst53|LPM_MUX:$00000" CBX_FILE_NAME="mux_qmc.tdf"/>
		<CBX_INST_ENTRY INSTANCE_NAME="|g27_test_bed|g27_stack52:inst13|LPM_FF:inst105|lpm_constant:sc" CBX_FILE_NAME="lpm_constant_ca4.tdf"/>
		<CBX_INST_ENTRY INSTANCE_NAME="|g27_test_bed|g27_stack52:inst13|LPM_FF:inst42|lpm_constant:sc" CBX_FILE_NAME="lpm_constant_5a4.tdf"/>
		<CBX_INST_ENTRY INSTANCE_NAME="|g27_test_bed|g27_stack52:inst13|LPM_FF:inst60|lpm_constant:sc" CBX_FILE_NAME="lpm_constant_194.tdf"/>
		<CBX_INST_ENTRY INSTANCE_NAME="|g27_test_bed|g27_single_pulse_generator_test:inst17|lpm_counter1:inst2|lpm_counter:LPM_COUNTER_component" CBX_FILE_NAME="cntr_e4i.tdf"/>
		<CBX_INST_ENTRY INSTANCE_NAME="|g27_test_bed|g27_stack52:inst13|BUSMUX:inst108|LPM_MUX:$00000" CBX_FILE_NAME="mux_qmc.tdf"/>
		<CBX_INST_ENTRY INSTANCE_NAME="|g27_test_bed|g27_stack52:inst13|BUSMUX:inst45|LPM_MUX:$00000" CBX_FILE_NAME="mux_qmc.tdf"/>
		<CBX_INST_ENTRY INSTANCE_NAME="|g27_test_bed|g27_stack52:inst13|BUSMUX:inst81|LPM_MUX:$00000" CBX_FILE_NAME="mux_qmc.tdf"/>
		<CBX_INST_ENTRY INSTANCE_NAME="|g27_test_bed|g27_stack52:inst13|LPM_FF:inst106|lpm_constant:sc" CBX_FILE_NAME="lpm_constant_ba4.tdf"/>
		<CBX_INST_ENTRY INSTANCE_NAME="|g27_test_bed|g27_stack52:inst13|BUSMUX:inst55|LPM_MUX:$00000" CBX_FILE_NAME="mux_qmc.tdf"/>
		<CBX_INST_ENTRY INSTANCE_NAME="|g27_test_bed|g27_stack52:inst13|BUSMUX:inst73|LPM_MUX:$00000" CBX_FILE_NAME="mux_qmc.tdf"/>
		<CBX_INST_ENTRY INSTANCE_NAME="|g27_test_bed|g27_stack52:inst13|LPM_FF:inst44|lpm_constant:sc" CBX_FILE_NAME="lpm_constant_6a4.tdf"/>
		<CBX_INST_ENTRY INSTANCE_NAME="|g27_test_bed|g27_stack52:inst13|LPM_FF:inst80|lpm_constant:sc" CBX_FILE_NAME="lpm_constant_i94.tdf"/>
		<CBX_INST_ENTRY INSTANCE_NAME="|g27_test_bed|g27_stack52:inst13|BUSMUX:inst47|LPM_MUX:$00000" CBX_FILE_NAME="mux_qmc.tdf"/>
		<CBX_INST_ENTRY INSTANCE_NAME="|g27_test_bed|g27_stack52:inst13|BUSMUX:inst65|LPM_MUX:$00000" CBX_FILE_NAME="mux_qmc.tdf"/>
		<CBX_INST_ENTRY INSTANCE_NAME="|g27_test_bed|g27_stack52:inst13|LPM_FF:inst63|lpm_constant:sc" CBX_FILE_NAME="lpm_constant_294.tdf"/>
		<CBX_INST_ENTRY INSTANCE_NAME="|g27_test_bed|g27_stack52:inst13|BUSMUX:inst39|LPM_MUX:$00000" CBX_FILE_NAME="mux_qmc.tdf"/>
		<CBX_INST_ENTRY INSTANCE_NAME="|g27_test_bed|g27_stack52:inst13|BUSMUX:inst57|LPM_MUX:$00000" CBX_FILE_NAME="mux_qmc.tdf"/>
		<CBX_INST_ENTRY INSTANCE_NAME="|g27_test_bed|g27_stack52:inst13|BUSMUX:inst93|LPM_MUX:$00000" CBX_FILE_NAME="mux_qmc.tdf"/>
		<CBX_INST_ENTRY INSTANCE_NAME="|g27_test_bed|g27_stack52:inst13|LPM_FF:inst109|lpm_constant:sc" CBX_FILE_NAME="lpm_constant_aa4.tdf"/>
		<CBX_INST_ENTRY INSTANCE_NAME="|g27_test_bed|g27_stack52:inst13|LPM_FF:inst46|lpm_constant:sc" CBX_FILE_NAME="lpm_constant_7a4.tdf"/>
		<CBX_INST_ENTRY INSTANCE_NAME="|g27_test_bed|g27_stack52:inst13|LPM_FF:inst64|lpm_constant:sc" CBX_FILE_NAME="lpm_constant_394.tdf"/>
		<CBX_INST_ENTRY INSTANCE_NAME="|g27_test_bed|g27_stack52:inst13|lpm_compare0:instcompare0|lpm_compare:LPM_COMPARE_component" CBX_FILE_NAME="cmpr_mmi.tdf"/>
		<CBX_INST_ENTRY INSTANCE_NAME="|g27_test_bed|g27_stack52:inst13|BUSMUX:inst49|LPM_MUX:$00000" CBX_FILE_NAME="mux_qmc.tdf"/>
		<CBX_INST_ENTRY INSTANCE_NAME="|g27_test_bed|g27_stack52:inst13|BUSMUX:inst85|LPM_MUX:$00000" CBX_FILE_NAME="mux_qmc.tdf"/>
		<CBX_INST_ENTRY INSTANCE_NAME="|g27_test_bed|g27_stack52:inst13|LPM_FF:inst83|lpm_constant:sc" CBX_FILE_NAME="lpm_constant_h94.tdf"/>
		<CBX_INST_ENTRY INSTANCE_NAME="|g27_test_bed|g27_stack52:inst13|BUSMUX:inst59|LPM_MUX:$00000" CBX_FILE_NAME="mux_qmc.tdf"/>
		<CBX_INST_ENTRY INSTANCE_NAME="|g27_test_bed|g27_stack52:inst13|BUSMUX:inst77|LPM_MUX:$00000" CBX_FILE_NAME="mux_qmc.tdf"/>
		<CBX_INST_ENTRY INSTANCE_NAME="|g27_test_bed|g27_stack52:inst13|LPM_FF:inst48|lpm_constant:sc" CBX_FILE_NAME="lpm_constant_r84.tdf"/>
		<CBX_INST_ENTRY INSTANCE_NAME="|g27_test_bed|g27_stack52:inst13|LPM_FF:inst84|lpm_constant:sc" CBX_FILE_NAME="lpm_constant_g94.tdf"/>
		<CBX_INST_ENTRY INSTANCE_NAME="|g27_test_bed|g27_stack52:inst13|lpm_compare1:inst125|lpm_compare:LPM_COMPARE_component" CBX_FILE_NAME="cmpr_i7j.tdf"/>
		<CBX_INST_ENTRY INSTANCE_NAME="|g27_test_bed|g27_stack52:inst13|BUSMUX:inst69|LPM_MUX:$00000" CBX_FILE_NAME="mux_qmc.tdf"/>
		<CBX_INST_ENTRY INSTANCE_NAME="|g27_test_bed|g27_stack52:inst13|LPM_FF:inst67|lpm_constant:sc" CBX_FILE_NAME="lpm_constant_494.tdf"/>
		<CBX_INST_ENTRY INSTANCE_NAME="|g27_test_bed|g27_stack52:inst13|BUSMUX:inst97|LPM_MUX:$00000" CBX_FILE_NAME="mux_qmc.tdf"/>
		<CBX_INST_ENTRY INSTANCE_NAME="|g27_test_bed|g27_stack52:inst13|BUSMUX:mux4|LPM_MUX:$00000" CBX_FILE_NAME="mux_qmc.tdf"/>
		<CBX_INST_ENTRY INSTANCE_NAME="|g27_test_bed|g27_stack52:inst13|LPM_FF:inst68|lpm_constant:sc" CBX_FILE_NAME="lpm_constant_8a4.tdf"/>
		<CBX_INST_ENTRY INSTANCE_NAME="|g27_test_bed|g27_stack52:inst13|BUSMUX:inst89|LPM_MUX:$00000" CBX_FILE_NAME="mux_qmc.tdf"/>
		<CBX_INST_ENTRY INSTANCE_NAME="|g27_test_bed|g27_stack52:inst13|LPM_FF:inst87|lpm_constant:sc" CBX_FILE_NAME="lpm_constant_f94.tdf"/>
		<CBX_INST_ENTRY INSTANCE_NAME="|g27_test_bed|g27_single_pulse_generator:inst6|lpm_compare2:inst15|lpm_compare:LPM_COMPARE_component" CBX_FILE_NAME="cmpr_49j.tdf"/>
		<CBX_INST_ENTRY INSTANCE_NAME="|g27_test_bed|g27_single_pulse_generator_test:inst17|lpm_compare4:inst12|lpm_compare:LPM_COMPARE_component" CBX_FILE_NAME="cmpr_49j.tdf"/>
		<CBX_INST_ENTRY INSTANCE_NAME="|g27_test_bed|g27_stack52:inst13|BUSMUX:inst101|LPM_MUX:$00000" CBX_FILE_NAME="mux_qmc.tdf"/>
		<CBX_INST_ENTRY INSTANCE_NAME="|g27_test_bed|g27_stack52:inst13|BUSMUX:inst2|LPM_MUX:$00000" CBX_FILE_NAME="mux_qmc.tdf"/>
		<CBX_INST_ENTRY INSTANCE_NAME="|g27_test_bed|g27_stack52:inst13|LPM_FF:inst79|lpm_constant:sc" CBX_FILE_NAME="lpm_constant_fa4.tdf"/>
		<CBX_INST_ENTRY INSTANCE_NAME="|g27_test_bed|g27_stack52:inst13|LPM_FF:inst88|lpm_constant:sc" CBX_FILE_NAME="lpm_constant_e94.tdf"/>
		<CBX_INST_ENTRY INSTANCE_NAME="|g27_test_bed|g27_stack52:inst13|LPM_FF:inst|lpm_constant:sc" CBX_FILE_NAME="lpm_constant_h84.tdf"/>
		<CBX_INST_ENTRY INSTANCE_NAME="|g27_test_bed|g27_stack52:inst13|lpm_counter0:counter|lpm_counter:LPM_COUNTER_component" CBX_FILE_NAME="cntr_b6j.tdf"/>
		<CBX_INST_ENTRY INSTANCE_NAME="|g27_test_bed|g27_stack52:inst13|BUSMUX:inst111|LPM_MUX:$00000" CBX_FILE_NAME="mux_qmc.tdf"/>
		<CBX_INST_ENTRY INSTANCE_NAME="|g27_test_bed|g27_stack52:inst13|BUSMUX:inst103|LPM_MUX:$00000" CBX_FILE_NAME="mux_qmc.tdf"/>
		<CBX_INST_ENTRY INSTANCE_NAME="|g27_test_bed|g27_stack52:inst13|BUSMUX:inst4|LPM_MUX:$00000" CBX_FILE_NAME="mux_qmc.tdf"/>
		<CBX_INST_ENTRY INSTANCE_NAME="|g27_test_bed|g27_stack52:inst13|LPM_FF:inst110|lpm_constant:sc" CBX_FILE_NAME="lpm_constant_9a4.tdf"/>
		<CBX_INST_ENTRY INSTANCE_NAME="|g27_test_bed|g27_stack52:inst13|LPM_FF:inst11|lpm_constant:sc" CBX_FILE_NAME="lpm_constant_i84.tdf"/>
		<CBX_INST_ENTRY INSTANCE_NAME="|g27_test_bed|g27_stack52:inst13|LPM_FF:inst30|lpm_constant:sc" CBX_FILE_NAME="lpm_constant_m84.tdf"/>
		<CBX_INST_ENTRY INSTANCE_NAME="|g27_test_bed|g27_stack52:inst13|BUSMUX:inst24|LPM_MUX:$00000" CBX_FILE_NAME="mux_qmc.tdf"/>
		<CBX_INST_ENTRY INSTANCE_NAME="|g27_test_bed|g27_stack52:inst13|BUSMUX:inst6|LPM_MUX:$00000" CBX_FILE_NAME="mux_qmc.tdf"/>
		<CBX_INST_ENTRY INSTANCE_NAME="|g27_test_bed|g27_stack52:inst13|BUSMUX:inst115|LPM_MUX:$00000" CBX_FILE_NAME="mux_qmc.tdf"/>
		<CBX_INST_ENTRY INSTANCE_NAME="|g27_test_bed|g27_stack52:inst13|BUSMUX:inst70|LPM_MUX:$00000" CBX_FILE_NAME="mux_qmc.tdf"/>
		<CBX_INST_ENTRY INSTANCE_NAME="|g27_test_bed|g27_stack52:inst13|LPM_FF:inst113|lpm_constant:sc" CBX_FILE_NAME="lpm_constant_894.tdf"/>
		<CBX_INST_ENTRY INSTANCE_NAME="|g27_test_bed|g27_stack52:inst13|LPM_FF:inst32|lpm_constant:sc" CBX_FILE_NAME="lpm_constant_p84.tdf"/>
		<CBX_INST_ENTRY INSTANCE_NAME="|g27_test_bed|g27_stack52:inst13|LPM_FF:inst50|lpm_constant:sc" CBX_FILE_NAME="lpm_constant_s84.tdf"/>
		<CBX_INST_ENTRY INSTANCE_NAME="|g27_test_bed|g27_single_pulse_generator:inst6|lpm_counter1:inst2|lpm_counter:LPM_COUNTER_component" CBX_FILE_NAME="cntr_e4i.tdf"/>
		<CBX_INST_ENTRY INSTANCE_NAME="|g27_test_bed|g27_single_pulse_generator_test:inst16|lpm_counter1:inst2|lpm_counter:LPM_COUNTER_component" CBX_FILE_NAME="cntr_e4i.tdf"/>
		<CBX_INST_ENTRY INSTANCE_NAME="|g27_test_bed|g27_stack52:inst13|BUSMUX:inst107|LPM_MUX:$00000" CBX_FILE_NAME="mux_qmc.tdf"/>
		<CBX_INST_ENTRY INSTANCE_NAME="|g27_test_bed|g27_stack52:inst13|BUSMUX:inst62|LPM_MUX:$00000" CBX_FILE_NAME="mux_qmc.tdf"/>
		<CBX_INST_ENTRY INSTANCE_NAME="|g27_test_bed|g27_stack52:inst13|LPM_FF:inst114|lpm_constant:sc" CBX_FILE_NAME="lpm_constant_794.tdf"/>
		<CBX_INST_ENTRY INSTANCE_NAME="|g27_test_bed|g27_stack52:inst13|BUSMUX:inst36|LPM_MUX:$00000" CBX_FILE_NAME="mux_qmc.tdf"/>
		<CBX_INST_ENTRY INSTANCE_NAME="|g27_test_bed|g27_stack52:inst13|BUSMUX:inst90|LPM_MUX:$00000" CBX_FILE_NAME="mux_qmc.tdf"/>
		<CBX_INST_ENTRY INSTANCE_NAME="|g27_test_bed|g27_stack52:inst13|LPM_FF:inst16|lpm_constant:sc" CBX_FILE_NAME="lpm_constant_o84.tdf"/>
		<CBX_INST_ENTRY INSTANCE_NAME="|g27_test_bed|g27_stack52:inst13|LPM_FF:inst34|lpm_constant:sc" CBX_FILE_NAME="lpm_constant_q84.tdf"/>
		<CBX_INST_ENTRY INSTANCE_NAME="|g27_test_bed|g27_stack52:inst13|LPM_FF:inst52|lpm_constant:sc" CBX_FILE_NAME="lpm_constant_t84.tdf"/>
		<CBX_INST_ENTRY INSTANCE_NAME="|g27_test_bed|g27_stack52:inst13|lpm_mux0:inst128|LPM_MUX:LPM_MUX_component" CBX_FILE_NAME="mux_83e.tdf"/>
		<CBX_INST_ENTRY INSTANCE_NAME="|g27_test_bed|g27_stack52:inst13|BUSMUX:inst28|LPM_MUX:$00000" CBX_FILE_NAME="mux_qmc.tdf"/>
		<CBX_INST_ENTRY INSTANCE_NAME="|g27_test_bed|g27_stack52:inst13|BUSMUX:inst82|LPM_MUX:$00000" CBX_FILE_NAME="mux_qmc.tdf"/>
		<CBX_INST_ENTRY INSTANCE_NAME="|g27_test_bed|g27_stack52:inst13|LPM_FF:inst71|lpm_constant:sc" CBX_FILE_NAME="lpm_constant_ja4.tdf"/>
		<CBX_INST_ENTRY INSTANCE_NAME="|g27_test_bed|g27_single_pulse_generator_test:inst16|lpm_comparetest:inst1|lpm_compare:LPM_COMPARE_component" CBX_FILE_NAME="cmpr_39j.tdf"/>
		<CBX_INST_ENTRY INSTANCE_NAME="|g27_test_bed|g27_stack52:inst13|BUSMUX:inst74|LPM_MUX:$00000" CBX_FILE_NAME="mux_qmc.tdf"/>
		<CBX_INST_ENTRY INSTANCE_NAME="|g27_test_bed|g27_stack52:inst13|LPM_FF:inst117|lpm_constant:sc" CBX_FILE_NAME="lpm_constant_694.tdf"/>
		<CBX_INST_ENTRY INSTANCE_NAME="|g27_test_bed|g27_stack52:inst13|LPM_FF:inst18|lpm_constant:sc" CBX_FILE_NAME="lpm_constant_j84.tdf"/>
		<CBX_INST_ENTRY INSTANCE_NAME="|g27_test_bed|g27_stack52:inst13|LPM_FF:inst54|lpm_constant:sc" CBX_FILE_NAME="lpm_constant_u84.tdf"/>
		<CBX_INST_ENTRY INSTANCE_NAME="|g27_test_bed|g27_stack52:inst13|LPM_FF:inst72|lpm_constant:sc" CBX_FILE_NAME="lpm_constant_ia4.tdf"/>
		<CBX_INST_ENTRY INSTANCE_NAME="|g27_test_bed|g27_single_pulse_generator_test:inst17|lpm_comparetest:inst1|lpm_compare:LPM_COMPARE_component" CBX_FILE_NAME="cmpr_39j.tdf"/>
		<CBX_INST_ENTRY INSTANCE_NAME="|g27_test_bed|g27_stack52:inst13|BUSMUX:inst66|LPM_MUX:$00000" CBX_FILE_NAME="mux_qmc.tdf"/>
		<CBX_INST_ENTRY INSTANCE_NAME="|g27_test_bed|g27_stack52:inst13|LPM_FF:inst118|lpm_constant:sc" CBX_FILE_NAME="lpm_constant_594.tdf"/>
		<CBX_INST_ENTRY INSTANCE_NAME="|g27_test_bed|g27_stack52:inst13|LPM_FF:inst37|lpm_constant:sc" CBX_FILE_NAME="lpm_constant_2a4.tdf"/>
		<CBX_INST_ENTRY INSTANCE_NAME="|g27_test_bed|g27_stack52:inst13|LPM_FF:inst91|lpm_constant:sc" CBX_FILE_NAME="lpm_constant_d94.tdf"/>
		<CBX_INST_ENTRY INSTANCE_NAME="|g27_test_bed|g27_stack52:inst13|BUSMUX:inst94|LPM_MUX:$00000" CBX_FILE_NAME="mux_qmc.tdf"/>
		<CBX_INST_ENTRY INSTANCE_NAME="|g27_test_bed|g27_stack52:inst13|LPM_FF:inst38|lpm_constant:sc" CBX_FILE_NAME="lpm_constant_3a4.tdf"/>
		<CBX_INST_ENTRY INSTANCE_NAME="|g27_test_bed|g27_stack52:inst13|LPM_FF:inst56|lpm_constant:sc" CBX_FILE_NAME="lpm_constant_v84.tdf"/>
		<CBX_INST_ENTRY INSTANCE_NAME="|g27_test_bed|g27_stack52:inst13|LPM_FF:inst92|lpm_constant:sc" CBX_FILE_NAME="lpm_constant_c94.tdf"/>
		<CBX_INST_ENTRY INSTANCE_NAME="|g27_test_bed|g27_stack52:inst13|BUSMUX:inst86|LPM_MUX:$00000" CBX_FILE_NAME="mux_qmc.tdf"/>
		<CBX_INST_ENTRY INSTANCE_NAME="|g27_test_bed|g27_stack52:inst13|LPM_FF:inst75|lpm_constant:sc" CBX_FILE_NAME="lpm_constant_ha4.tdf"/>
		<CBX_INST_ENTRY INSTANCE_NAME="|g27_test_bed|g27_stack52:inst13|BUSMUX:inst78|LPM_MUX:$00000" CBX_FILE_NAME="mux_qmc.tdf"/>
		<CBX_INST_ENTRY INSTANCE_NAME="|g27_test_bed|g27_stack52:inst13|LPM_FF:inst58|lpm_constant:sc" CBX_FILE_NAME="lpm_constant_094.tdf"/>
		<CBX_INST_ENTRY INSTANCE_NAME="|g27_test_bed|g27_stack52:inst13|LPM_FF:inst76|lpm_constant:sc" CBX_FILE_NAME="lpm_constant_ga4.tdf"/>
		<CBX_INST_ENTRY INSTANCE_NAME="|g27_test_bed|g27_single_pulse_generator:inst5|lpm_compare4:inst12|lpm_compare:LPM_COMPARE_component" CBX_FILE_NAME="cmpr_49j.tdf"/>
		<CBX_INST_ENTRY INSTANCE_NAME="|g27_test_bed|g27_stack52:inst13|LPM_FF:inst95|lpm_constant:sc" CBX_FILE_NAME="lpm_constant_b94.tdf"/>
		<CBX_INST_ENTRY INSTANCE_NAME="|g27_test_bed|g27_single_pulse_generator:inst5|lpm_compare2:inst15|lpm_compare:LPM_COMPARE_component" CBX_FILE_NAME="cmpr_49j.tdf"/>
		<CBX_INST_ENTRY INSTANCE_NAME="|g27_test_bed|g27_single_pulse_generator:inst6|lpm_compare4:inst12|lpm_compare:LPM_COMPARE_component" CBX_FILE_NAME="cmpr_49j.tdf"/>
		<CBX_INST_ENTRY INSTANCE_NAME="|g27_test_bed|g27_single_pulse_generator_test:inst16|lpm_compare4:inst12|lpm_compare:LPM_COMPARE_component" CBX_FILE_NAME="cmpr_49j.tdf"/>
		<CBX_INST_ENTRY INSTANCE_NAME="|g27_test_bed|g27_stack52:inst13|BUSMUX:inst98|LPM_MUX:$00000" CBX_FILE_NAME="mux_qmc.tdf"/>
		<CBX_INST_ENTRY INSTANCE_NAME="|g27_test_bed|g27_stack52:inst13|LPM_FF:inst96|lpm_constant:sc" CBX_FILE_NAME="lpm_constant_a94.tdf"/>
	</PROJECT>
</LOG_ROOT>
